,Mast type.,location no.,last maintenance,Overdue date
0,PORTAL,246/27,2/6/2021,3/6/2022
1,PORTAL,246/29,2/6/2021,3/6/2022
2,B-200,246/31,2/6/2021,3/6/2022
3,B-150,DES/1001,2/6/2021,3/6/2022
4,PORTAL,246/30,2/6/2021,3/6/2022
5,B-200,247/01,2/6/2021,3/6/2022
6,B-200,247/02,2/6/2021,3/6/2022
7,B-200,260/01,7/6/2021,8/6/2022
8,B-200,260/02,7/6/2021,8/6/2022
9,B-200,260/03,7/6/2021,8/6/2022
10,B-200,260/04,7/6/2021,8/6/2022
11,TTC,260/05,7/6/2021,8/6/2022
12,TTC,260/07,7/6/2021,8/6/2022
13,PORTAL,260/29,8/6/2021,9/6/2022
14,TTC,CKRD/1001,7/6/2021,8/6/2022
15,TTC,CKRD/1005,8/6/2021,9/6/2022
16,TTC,260/06,7/6/2021,8/6/2022
17,TTC,CKRD/1006,8/6/2021,9/6/2022
18,TTC,261/01,8/6/2021,9/6/2022
19,B-200,261/02,8/6/2021,9/6/2022
20,RSJ,CKRD/1008,8/6/2021,9/6/2022
21,,261/1003,8/6/2021,9/6/2022
22,,261/03A,8/6/2021,9/6/2022
23,B-200,261/03,8/6/2021,9/6/2022
24,B-150,264/06,18/6/2021,19/6/2022
25,B-200,HJP/4009,1/6/2021,2/6/2022
26,B-200,HJP/4006B,1/6/2021,2/6/2022
27,TTC,278/33,14/6/2021,15/6/2022
28,PORTAL,278/35,14/6/2021,15/6/2022
29,B-150,278/18,22/6/2021,23/6/2022
30,B-200,290/23,10/6/2021,11/6/2022
31,PORTAL,290/31,4/6/2021,5/6/2022
32,PORTAL,290/32,19/6/2021,20/6/2022
33,PORTAL,290/34,19/6/2021,20/6/2022
34,PORTAL,290/31,4/6/2021,5/6/2022
35,BFB,STLR/1001,4/6/2021,5/6/2022
36,TTC,291/19,3/6/2021,4/6/2022
37,B-150,291/21,3/6/2021,4/6/2022
38,PORTAL,290/32,19/6/2021,20/6/2022
39,B-150,291/21,3/6/2021,4/6/2022
40,B-200,291/23,3/6/2021,4/6/2022
41,B-200,291/25,3/6/2021,4/6/2022
42,B-150,291/26,10/6/2021,11/6/2022
43,BFB,292/01,3/6/2021,4/6/2022
44,RSJ,292/03,3/6/2021,4/6/2022
45,RSJ,292/05,3/6/2021,4/6/2022
46,RSJ,292/07,3/6/2021,4/6/2022
47,RSJ,292/09,3/6/2021,4/6/2022
48,RSJ,292/11,3/6/2021,4/6/2022
49,B-150,292/19,9/6/2021,10/6/2022
50,B-150,292/21,9/6/2021,10/6/2022
51,B-150,292/23,9/6/2021,10/6/2022
52,BFB,292/25,9/6/2021,10/6/2022
53,BFB,292/27,9/6/2021,10/6/2022
54,BFB,292/29,9/6/2021,10/6/2022
55,BFB,292/31,9/6/2021,10/6/2022
56,BFB,292/33,9/6/2021,10/6/2022
57,BFB,292/20,15/6/2021,16/6/2022
58,B-150,292/22,15/6/2021,16/6/2022
59,B-150,292/24,15/6/2021,16/6/2022
60,RSJ,292/26,15/6/2021,16/6/2022
61,B-150,292/28,30/6/2021,31/6/2022
62,B-150,292/30,30/6/2021,31/6/2022
63,RSJ,292/32,30/6/2021,31/6/2022
64,BFB,292/34,30/6/2021,31/6/2022
65,RSJ,293/07,19/6/2021,20/6/2022
66,BFB,293/09,19/6/2021,20/6/2022
67,B-150,293/11,19/6/2021,20/6/2022
68,BFB,293/13,19/6/2021,20/6/2022
69,B-150,295/07,5/6/2021,6/6/2022
70,RSJ,295/09,5/6/2021,6/6/2022
71,B-200,295/19,5/6/2021,6/6/2022
72,B-150,295/12,5/6/2021,6/6/2022
73,B-150,295/16,4/6/2021,5/6/2022
74,B-150,295/18,4/6/2021,5/6/2022
75,B-200,295/20,4/6/2021,5/6/2022
76,B-200,295/19,5/6/2021,6/6/2022
77,RSJ,DGA/1001,5/6/2021,6/6/2022
78,BFB,DGA/1009,6/6/2021,7/6/2022
79,RSJ,DGA/1011,6/6/2021,7/6/2022
80,TTC,296/11,6/6/2021,7/6/2022
81,B-200,295/20,4/6/2021,5/6/2022
82,TTC,DGA/1002,4/6/2021,5/6/2022
83,B-150,DGA/1004,4/6/2021,5/6/2022
84,BFB,DGA/1008,6/6/2021,7/6/2022
85,B-150,DGA/1012,6/6/2021,7/6/2022
86,B-200,296/10,6/6/2021,7/6/2022
87,TTC,296/11,6/6/2021,7/6/2022
88,B-200,296/13,6/6/2021,7/6/2022
89,B-200,296/15,6/6/2021,7/6/2022
90,B-150,296/19,6/6/2021,7/6/2022
91,B-200,296/10,6/6/2021,7/6/2022
92,B-200,296/12,6/6/2021,7/6/2022
93,B-200,305/27,11/6/2021,12/6/2022
94,PORTAL,305/29,11/6/2021,12/6/2022
95,TTC,305/32,12/6/2021,13/6/2022
96,B-200,305/27,11/6/2021,12/6/2022
97,PORTAL,305/29,11/6/2021,12/6/2022
98,PORTAL,306/04,15/6/2021,16/6/2022
99,PORTAL,306/06,15/6/2021,16/6/2022
100,PORTAL,306/08,15/6/2021,16/6/2022
101,PORTAL,306/10,15/6/2021,16/6/2022
102,PORTAL,306/12,15/6/2021,16/6/2022
103,PORTAL,306/14,15/6/2021,16/6/2022
104,PORTAL,306/16,15/6/2021,16/6/2022
105,PORTAL,306/18,15/6/2021,16/6/2022
106,PORTAL,306/20,12/6/2021,13/6/2022
107,BFB,BAGL/1004,12/6/2021,13/6/2022
108,TTC,306/22,12/6/2021,13/6/2022
109,B-150,314/19,17/6/2021,18/6/2022
110,B-200,314/21,17/6/2021,18/6/2022
111,RSJ,314/20,16/6/2021,17/6/2022
112,B-200,314/24,17/6/2021,18/6/2022
113,B-200,314/28,16/6/2021,17/6/2022
114,PORTAL,314/32,16/6/2021,17/6/2022
115,PORTAL,314/34,16/6/2021,17/6/2022
116,PORTAL,315/25,20/6/2021,21/6/2022
117,B-150,315/27,20/6/2021,21/6/2022
118,PORTAL,314/32,16/6/2021,17/6/2022
119,PORTAL,314/34,16/6/2021,17/6/2022
120,TTC,315/22,13/6/2021,14/6/2022
121,B-200,314/28,16/6/2021,17/6/2022
122,PORTAL,314/32,16/6/2021,17/6/2022
123,RSJ,GJH/2002,17/6/2021,18/6/2022
124,TTC,315/25,20/6/2021,21/6/2022
125,B-150,315/27,20/6/2021,21/6/2022
126,TTC,315/22,13/6/2021,14/6/2022
127,B-200,315/24,13/6/2021,14/6/2022
128,B-200,315/28,17/6/2021,18/6/2022
129,TTC,278/33,14/6/2021,15/6/2022
130,PORTAL,278/35,14/6/2021,15/6/2022
131,BFB,02-Jan,28/6/2021,29/6/2022
132,B-150,02-May,28/6/2021,29/6/2022
133,B-200,02-Jul,28/6/2021,29/6/2022
134,RSJ,02-Sep,28/6/2021,29/6/2022
135,RSJ,02-Nov,28/6/2021,29/6/2022
136,RSJ,Feb-13,28/6/2021,29/6/2022
137,BFB,Feb-15,28/6/2021,29/6/2022
138,BFB,Feb-17,28/6/2021,29/6/2022
139,BFB,Feb-19,28/6/2021,29/6/2022
140,RSJ,Feb-21,28/6/2021,29/6/2022
141,B-175,Jan-14,1/6/2021,2/6/2022
142,B-175,Jan-16,1/6/2021,2/6/2022
